{"cameraMode":{"drawMode":0,"name":"Shaded","section":"Shading Mode"},"sceneLighting":false,"audioPlay":false,"sceneViewState":{"showFog":true,"showMaterialUpdate":false,"showSkybox":false,"showFlares":true,"showImageEffects":true,"showParticleSystems":true},"in2DMode":false,"pivot":{"x":0.903486967086792,"y":-0.2703557014465332,"z":-1.1776635646820069},"rotation":{"x":0.5052306652069092,"y":0.22953101992607118,"z":-0.14145709574222566,"w":0.8197945356369019},"size":4.041658401489258,"orthographic":false}