{"cameraMode":{"drawMode":0,"name":"Shaded","section":"Shading Mode"},"sceneLighting":false,"audioPlay":false,"sceneViewState":{"showFog":true,"showMaterialUpdate":false,"showSkybox":true,"showFlares":true,"showImageEffects":true,"showParticleSystems":true},"in2DMode":false,"pivot":{"x":16.93604278564453,"y":-112.6904296875,"z":67.73715209960938},"rotation":{"x":0.3043932616710663,"y":0.00857166200876236,"z":-0.002732442691922188,"w":0.9525150060653687},"size":532.1994018554688,"orthographic":false}